{
    "cx": 990.006649370758,
    "cy": 530.853268670418,
    "d1": -0.372922242544249,
    "d2": 0.123969731657577,
    "d3": 0.0,
    "d4": 0.0,
    "d5": 0.0,
    "frameRate": 1.0,
    "fx": 1283.07034204849,
    "fy": 1277.25301460849,
    "quadDecimate": 4.0,
    "rtspUrl": "rtsp://192.168.3.60:554/ch01",
    "streamType": 0,
    "tagID": 3,
    "tagSize": 0.1985,
    "tagType": 0,
    "udpIp": "192.168.3.50",
    "udpPort": 5001
}